"easyvente";"VA1936-EASYVENTE";"vente";"appartement";"73000";"Chambéry";"FR";"176 rue des cevennes";"";"";"139000";"";"";"NON";"0";"78";"";"3";"2";"T3 78m2 avec garage ";"Exclusivité - Beau potentiel pour cet appartement de 78m2 traversant (Est Ouest), et très lumineux. Situé au 1er étage avec ascenseur d'une co-propriété de 5 étages sur les Hauts de Chambéry dans une impasse calme et donnant sur des espaces verts.<br><br>Trés bien agencé il est composé:<br>D'un hall d'entrée avec dressing, d'une salle de bain, d'un wc séparé, de deux belles chambres disposants de placards intégrés et donnant sur un balcon.<br><br>Une cuisine fermée de 10m2 avec cellier offre une possibilité d'ouverture sur la grande pièce de vie de 35m2 composée actuellement d'une partie salon et d'une partie séjour.  Cuisine et séjour donnent accès à un balcon exposé ouest et donnant sur des espaces verts.<br> <br>Un garage en RDC vient compléter cet appartement.<br><br>Pour plus d'informations et visites contactez Marine au 06 12 25 56 93<br><br>Charges environ 150€/mois comprenant l'eau chaude, le chauffage, les charges communes générales (ascenseur, espaces verts, bâtiment, ménage)  – pas de procédure en cours – mandat N°1824 - honoraires 5000€  charge acquéreur compris dans le prix de vente.<br>Mandat N° 1824. Honoraires inclus de    TTC à la charge de l'acquéreur.  <br>";"";"158";"1";"5";"NON";"1974";"";"1";"0";"1";"";"4608";"9";"";"";"";"";"";"0";"OUI";"";"0";"1";"";"";"";"NON";"";"";"";"";"";"";"";"";"";"";"";"";"";"";"";"";"";"";"";"";"";"";"";"";"";"";"";"";"";"";"";"";"";"";"OUI";"";"https://img.netty.immo/productw/easyvente/2/VA1936/1557135211_VA1936_6_l.jpg";"https://img.netty.immo/productw/easyvente/2/VA1936/1557135214_VA1936_7_l.jpg";"https://img.netty.immo/productw/easyvente/2/VA1936/1546594445_VA1936_2_l.jpg";"https://img.netty.immo/productw/easyvente/2/VA1936/1546594573_VA1936_4_l.jpg";"https://img.netty.immo/productw/easyvente/2/VA1936/1546594372_VA1936_1_l.jpg";"https://img.netty.immo/productw/easyvente/2/VA1936/1551280117_VA1936_5_l.jpg";"https://img.netty.immo/productw/easyvente/2/VA1936/1557135296_VA1936_3_l.jpg";"https://img.netty.immo/productw/easyvente/2/VA1936/1557135370_VA1936_8_l.jpg";"https://img.netty.immo/productw/easyvente/2/VA1936/1557135440_VA1936_9_l.jpg";"";"";"";"";"";"";"";"";"";"";"";"0612255693";"Marine MANTAUT";"contact@easyventeimmo.fr";"73000";"Chambéry";"";"";"1824";"03/01/2019";"";"";"Easy Vente Immo";"4 rue Saint Antoine";"73000";"Chambéry";"0612255693";"";"";"easyvente_001";"";"";"";"";"";"";"";"";"";"";"";"";"147";"34";"1557135808";"834090144";"CPI 7301 2018 000 023 739";"http://easyvente.netty.fr/immobilier/appartement-t34-chambery-vente-fr_VA1936.htm";"";"0";"0";"0";"5000";"NON";"1033";"contact@easyventeimmo.fr";"Mantaut Marine";"OUI";"contact@easyventeimmo.fr";"";"";"";"";"";"";"";"";"0";"";"NON";"https://img.netty.immo/productw/easyvente/2/VA1936/1557135518_VA1936_10_l.jpg";"https://img.netty.immo/productw/easyvente/2/VA1936/1557135569_VA1936_11_l.jpg";"https://img.netty.immo/productw/easyvente/2/VA1936/1557135656_VA1936_12_l.jpg";"https://img.netty.immo/productw/easyvente/2/VA1936/1557135702_VA1936_13_l.jpg";"https://img.netty.immo/productw/easyvente/2/VA1936/1557135743_VA1936_14_l.jpg";"https://img.netty.immo/productw/easyvente/2/VA1936/1557135806_VA1936_15_l.jpg";"";"";"";"";"";"111936";"147";"C";"34";"D";"";"";"";"";"";"";"0";"0";"0";"";"";"";"";"";"";"";"";"";"";"";"";"";"";"";"";"";"";"NON";"";"";"NON";"";"";"";"";"";"34";"";"";"";"";"";"";"";"";"";"";"";"";"NON";"";"";"";"";"";"";"";"";"";"";"";"";"";"";"0";"";"";"";"";"";"";"";"";"";"";"";"";"";"NON";"0";"0";"NON";"";"";"";"";"";"";"";"";"";"";"";"";"";"";"";"";"";"";"";"";"";"";"";"";"";"";"";"";"";"";"";"";"";"";"";"";"";"";"";"4.08-007";"1";"0";"0";"0";"0";"0";"";"";""
"easyvente";"VA1938-EASYVENTE";"vente";"appartement";"73800";"Montmélian";"FR";"Rue Jean Moulin";"";"";"99000";"";"";"NON";"0";"65";"";"3";"2";"Appartement T3  de 65 m² - Centre ville";"73800 MONTMELIAN<br><br>Idéal 1er achat ou investissement. Centre-ville.<br><br>Appartement T3 de 65 m² situé au 1er étage sur 10 d'une copropriété calme et sécurisée de 1972.<br><br>Composé comme ceci : une cuisine avec loggia, un séjour lumineux avec balcon exposé sud, 2 chambres, une salle de bains et un WC séparé.<br>Rangements et volets roulants électriques.<br><br>Une cave de 9 m² complète cet appartement et un grand parking extérieur vous permettra de vous garer sans aucune difficulté.<br><br>Petits travaux à prévoir pour mettre ce logement à votre goût.<br><br>A côté des écoles, à 5 minutes d'Alpespace et de la gare, 2 min de l'autoroute, vous bénéficiez du calme tout en étant proche de tout.<br><br>Budget : 109 000 euros, honoraires inclus à la charge de du vendeur.<br>Taxe foncière : 640 euros.<br><br>Pour visiter ce bien et nous permettre de vous accompagner dans votre projet, contactez Annelyse DAMBRINE au 06 18 98 21 75 ou par mail : a.dambrine@easyventeimmo.fr<br>Mandat N° 1826<br><br>Le professionnel garantit et sécurise votre projet immobilier.<br>Mandat N° 1826. Honoraires à la charge du vendeur.  <br>";"";"130";"1";"10";"NON";"1972";"";"1";"0";"1";"";"4608";"";"OUI";"";"";"";"0";"0";"OUI";"OUI";"0";"0";"";"";"";"NON";"";"";"";"";"";"";"";"";"";"";"";"";"";"";"";"";"";"";"";"";"";"";"";"";"";"";"";"";"";"";"";"";"";"";"";"";"https://img.netty.immo/productw/easyvente/2/VA1938/1547924273_VA1938_11_l.jpg";"https://img.netty.immo/productw/easyvente/2/VA1938/1547924260_VA1938_10_l.jpg";"https://img.netty.immo/productw/easyvente/2/VA1938/1547924283_VA1938_12_l.jpg";"https://img.netty.immo/productw/easyvente/2/VA1938/1547924389_VA1938_19_l.jpg";"https://img.netty.immo/productw/easyvente/2/VA1938/1547924412_VA1938_20_l.jpg";"https://img.netty.immo/productw/easyvente/2/VA1938/1547924336_VA1938_15_l.jpg";"https://img.netty.immo/productw/easyvente/2/VA1938/1547924320_VA1938_14_l.jpg";"https://img.netty.immo/productw/easyvente/2/VA1938/1547924349_VA1938_16_l.jpg";"https://img.netty.immo/productw/easyvente/2/VA1938/1547924364_VA1938_17_l.jpg";"";"";"";"";"";"";"";"";"";"";"";"0612255693";"Annelyse DAMBRINE";"contact@easyventeimmo.fr";"73800";"Montmélian";"";"";"1826";"08/01/2019";"";"";"Easy Vente Immo";"4 rue Saint Antoine";"73000";"Chambéry";"0612255693";"";"";"easyvente_094";"";"";"";"";"";"";"";"";"";"";"";"";"159";"37";"1548345015";"834090144";"CPI 7301 2018 000 023 739";"http://easyvente.netty.fr/immobilier/appartement-t3-montmelian-vente-fr_VA1938.htm";"";"0";"0";"0";"0";"NON";"640";"contact@easyventeimmo.fr";"Mantaut Marine";"OUI";"contact@easyventeimmo.fr";"";"";"";"";"";"";"";"";"0";"";"NON";"https://img.netty.immo/productw/easyvente/2/VA1938/1547924378_VA1938_18_l.jpg";"";"";"";"";"";"";"";"";"";"";"111938";"159";"D";"37";"E";"";"";"";"";"";"";"0";"0";"0";"";"";"";"";"";"";"";"";"";"";"";"";"";"";"";"";"";"";"NON";"";"";"NON";"";"";"";"";"";"19";"";"";"";"";"";"";"";"";"";"";"";"";"NON";"";"";"";"";"";"";"";"";"";"";"";"";"";"";"0";"";"";"";"";"";"";"";"";"";"";"";"";"";"NON";"0";"0";"NON";"";"";"";"";"";"";"";"";"";"";"";"";"";"";"";"";"";"";"";"";"";"";"";"";"";"";"";"";"";"";"";"";"";"";"";"";"";"";"";"4.08-007";"2";"";"0";"0";"0";"0";"";"";""
"easyvente";"VA1948-EASYVENTE";"vente";"appartement";"73000";"Chambéry";"FR";"23 RUE MONTESQUIOU";"";"";"134500";"";"";"NON";"4.26";"63";"";"3";"2";"T2 63m2 Chambéry quartier Mérande/Joppet ";"Secteur Mérande/Joppet, un joli appartement actuellement en 2 pièces, mais possibilité d'aménagement en 3 pièces.<br> Il se compose d'un grand hall d'entrée, d'une belle cuisine aménagée et équipée ouvrant sur un balcon avec un ensoleillement ouest.<br>Une salle de bain avec baignoire, un wc séparé, une belle chambre avec placard, un grand séjour double ouvrant sur un balcon.<br><br>Ce bien est vendu avec une cave indépendante.<br>Contact - Sylvie: 0649628338<br><br><br><br>Mandat N° 1834. Honoraires inclus de  4.26%  TTC à la charge de l'acquéreur. Prix hors honoraires 129 000 €. Dans une copropriété. Aucune procédure n'est en cours. <br>";"";"225";"1";"6";"NON";"1960";"";"1";"0";"1";"";"4608";"7";"";"OUI";"OUI";"";"";"0";"OUI";"OUI";"0";"0";"";"";"";"NON";"";"";"";"";"";"";"";"";"";"";"";"";"";"";"";"";"";"";"";"";"";"";"";"";"";"";"";"";"";"";"";"";"";"";"";"";"https://img.netty.immo/productw/easyvente/2/VA1948/1552067172_VA1948_3_l.jpg";"https://img.netty.immo/productw/easyvente/2/VA1948/1552067132_VA1948_2_l.jpg";"https://img.netty.immo/productw/easyvente/2/VA1948/1552067043_VA1948_4_l.jpg";"https://img.netty.immo/productw/easyvente/2/VA1948/1552067052_VA1948_5_l.jpg";"";"";"";"";"";"";"";"";"";"";"";"";"";"";"";"";"0612255693";"Sylvie Pontille";"contact@easyventeimmo.fr";"73000";"Chambéry";"";"";"1834";"28/02/2019";"";"";"Easy Vente Immo";"4 rue Saint Antoine";"73000";"Chambéry";"0612255693";"";"";"easyvente_095";"";"";"";"";"";"";"";"";"";"";"";"";"143";"24";"1554540255";"834090144";"CPI 7301 2018 000 023 739";"http://easyvente.netty.fr/immobilier/appartement-t23-chambery-vente-fr_VA1948.htm";"";"1";"0";"0";"5500";"NON";"851";"contact@easyventeimmo.fr";"Mantaut Marine";"OUI";"contact@easyventeimmo.fr";"";"";"";"";"";"";"";"";"0";"";"OUI";"";"";"";"";"";"";"";"";"";"";"";"111948";"143";"C";"24";"D";"";"";"";"";"";"";"0";"0";"0";"";"";"";"";"";"";"";"";"";"";"";"";"";"";"";"";"";"";"NON";"";"";"NON";"";"";"";"";"";"28";"";"";"";"";"";"";"";"";"";"";"";"";"NON";"";"";"";"";"";"";"";"";"";"";"";"";"";"";"0";"";"";"";"";"";"";"";"";"";"";"";"";"";"OUI";"0";"0";"NON";"";"";"";"";"";"";"";"";"";"";"";"";"";"";"";"";"";"";"";"";"";"";"";"";"";"";"";"";"";"";"";"";"";"";"";"";"";"";"";"4.08-007";"1";"129000";"0";"0";"0";"0";"";"";""
"easyvente";"VA1952-EASYVENTE";"vente";"appartement";"73000";"Bassens";"FR";"76 bis avenue de Bassens";"";"";"239000";"";"";"NON";"4.05";"104";"";"4";"3";"T4 104m2 - Bassens - 2 garages - 2 caves";"Exclusivité - Bassens<br><br>Ce bel appartement de 104m2 est situé en Rez de Jardin d'une petite co-propriété à Bassens. Il dispose d'un beau jardin privatif de 250m2 de deux caves, deux garages et deux places de parking privées.<br><br>L'appartement est divisible (un grand T2/3 de 67m3 et un T2 de 35m2) nous consulter pour plus d'informations.<br><br>Il est composé comme suit:<br>L'entrée donne sur un couloir qui dessert un WC, une grande pièce de vie avec cheminée et un coin cuisine ouvert sur le séjour, une salle de bain et une chambre. Le séjour dispose d'une baie vitrée donnant directement sur le grand jardin.<br><br>A droite de l'entrée une pièce dessert la salle de bain, et les deux chambres donnant toutes les deux sur le jardin.<br><br>Les charges comprennent le chauffage, les charges générales communes, entretien communs et espaces verts, ménage.<br><br>Plus d'informations et visites au 06 12 25 56 93.<br><br><br><br>Mandat N° 1838. Honoraires inclus de  4.05%  TTC à la charge de l'acquéreur. Prix hors honoraires 229 700 €. Dans une copropriété. Quote-part moyenne du budget prévisionnel 2 724 €/an. Aucune procédure n'est en cours. <br>";"";"333";"0";"2";"NON";"0";"";"1";"1";"2";"";"4608";"9";"";"";"";"";"0";"0";"";"OUI";"2";"2";"";"";"";"NON";"";"";"";"";"";"";"";"";"";"";"";"";"";"";"";"";"";"";"";"";"";"";"";"";"";"";"";"";"";"";"";"";"";"";"OUI";"";"https://img.netty.immo/productw/easyvente/2/VA1952/1553516216_VA1952_7_l.jpg";"https://img.netty.immo/productw/easyvente/2/VA1952/1553516211_VA1952_6_l.jpg";"https://img.netty.immo/productw/easyvente/2/VA1952/1553516229_VA1952_9_l.jpg";"https://img.netty.immo/productw/easyvente/2/VA1952/1553516223_VA1952_8_l.jpg";"https://img.netty.immo/productw/easyvente/2/VA1952/1553516199_VA1952_4_l.jpg";"https://img.netty.immo/productw/easyvente/2/VA1952/1553516183_VA1952_1_l.jpg";"https://img.netty.immo/productw/easyvente/2/VA1952/1553516190_VA1952_2_l.jpg";"https://img.netty.immo/productw/easyvente/2/VA1952/1553516195_VA1952_3_l.jpg";"https://img.netty.immo/productw/easyvente/2/VA1952/1553516204_VA1952_5_l.jpg";"";"";"";"";"";"";"";"";"";"";"";"0612255693";"Marine MANTAUT";"contact@easyventeimmo.fr";"73000";"Bassens";"";"";"1838";"14/03/2019";"";"";"Easy Vente Immo";"4 rue Saint Antoine";"73000";"Chambéry";"0612255693";"";"";"easyvente_001";"";"";"";"";"";"";"";"";"";"";"";"";"0";"0";"1554983763";"834090144";"CPI 7301 2018 000 023 739";"http://easyvente.netty.fr/immobilier/appartement-t4-bassens-vente-fr_VA1952.htm";"";"1";"0";"2724";"9300";"NON";"1380";"contact@easyventeimmo.fr";"Mantaut Marine";"OUI";"contact@easyventeimmo.fr";"";"";"";"";"";"";"";"";"0";"";"OUI";"https://img.netty.immo/productw/easyvente/2/VA1952/1553516233_VA1952_10_l.jpg";"https://img.netty.immo/productw/easyvente/2/VA1952/1553516240_VA1952_11_l.jpg";"https://img.netty.immo/productw/easyvente/2/VA1952/1553516244_VA1952_12_l.jpg";"";"";"";"";"";"";"";"";"111952";"0";"";"0";"";"";"";"";"";"";"";"0";"0";"0";"";"";"";"";"";"";"";"";"";"";"";"";"";"";"";"";"";"";"NON";"";"";"NON";"";"";"";"";"";"0";"";"";"";"";"";"";"";"";"";"";"";"";"NON";"";"";"";"";"";"";"";"";"";"";"";"";"";"";"0";"";"";"";"";"";"";"";"";"";"";"";"";"";"OUI";"0";"2724";"NON";"";"";"";"";"";"";"";"";"";"";"";"";"";"";"";"";"";"";"";"";"";"";"";"";"";"";"";"";"";"";"";"";"";"";"";"";"";"";"";"4.08-007";"1";"229700";"0";"0";"0";"0";"";"";""
"easyvente";"VA1955-EASYVENTE";"vente";"appartement";"38100";"Grenoble";"FR";"11 chemin meney";"";"";"129000";"";"";"NON";"0";"69";"";"4";"3";"Appartement à vendre Grenoble";"<br>Exclusivité - Grenoble 38100<br><br><br>Proche du cours de la libération, idéalement situé à proximité directe de toutes commodités écoles, commerces, lycées, transports, accès facile au rondeau.<br><br><br>Situé au 4eme étage avec ascenseur interpallier, d'une copropriété sécurisée, avec jardin , cet appartement vous séduira par son beau séjour lumineux donnant sur un balcon orienté sud. De plus sa belle cuisine bien équipée et récente offre une vue sur la Bastille.<br><br><br>Le coin nuit se compose de 3 belles chambres avec de nombreux rangements, d'une salle de bain avec baignoire et wc séparé.<br><br><br>Pour le stationnement un garage fermé complète se bien.<br><br>Charges annuelles : 2184€  (entretiens des communs, charges communes, syndic, espaces verts, ascenseur, chauffage, eau chaude, taxe ramassage ordures..)<br><br>Fenêtres en PVC et double vitrage.<br><br>Pas de travaux prévus ds copro - prix honoraires compris 129000€ - mandat 1841 -<br><br>Contact et visites: Martine Giordano - 06 66 08 56 72<br>Mandat N° 1841. Honoraires inclus de    TTC à la charge de l'acquéreur. Dans une copropriété. Aucune procédure n'est en cours. <br>";"";"182";"4";"";"NON";"0";"";"1";"0";"1";"";"";"7";"OUI";"";"";"";"1";"0";"OUI";"NON";"0";"1";"";"";"";"NON";"";"";"";"";"";"";"";"";"";"";"";"";"";"";"";"";"";"";"";"";"";"";"";"";"";"";"";"";"";"";"";"";"";"";"OUI";"";"https://img.netty.immo/productw/easyvente/2/VA1955/1553273761_VA1955_4_l.jpg";"https://img.netty.immo/productw/easyvente/2/VA1955/1553273536_VA1955_1_l.jpg";"https://img.netty.immo/productw/easyvente/2/VA1955/1553273499_VA1955_5_l.jpg";"https://img.netty.immo/productw/easyvente/2/VA1955/1553273792_VA1955_6_l.jpg";"https://img.netty.immo/productw/easyvente/2/VA1955/1553273811_VA1955_7_l.jpg";"https://img.netty.immo/productw/easyvente/2/VA1955/1553273829_VA1955_8_l.jpg";"https://img.netty.immo/productw/easyvente/2/VA1955/1553273846_VA1955_9_l.jpg";"https://img.netty.immo/productw/easyvente/2/VA1955/1553273870_VA1955_10_l.jpg";"https://img.netty.immo/productw/easyvente/2/VA1955/1553273888_VA1955_11_l.jpg";"";"";"";"";"";"";"";"";"";"";"https://immo.netty.fr/vr/easyvente/VA1955";"0612255693";"Marine MANTAUT";"contact@easyventeimmo.fr";"38100";"Grenoble";"";"";"1841";"19/03/2019";"";"";"Easy Vente Immo";"4 rue Saint Antoine";"73000";"Chambéry";"0612255693";"";"";"easyvente_001";"";"";"";"";"";"";"";"";"";"";"";"";"221";"52";"1556209858";"834090144";"CPI 7301 2018 000 023 739";"http://easyvente.netty.fr/immobilier/appartement-t4-grenoble-vente-fr_VA1955.htm";"";"1";"0";"0";"5031";"NON";"1322";"contact@easyventeimmo.fr";"Mantaut Marine";"OUI";"contact@easyventeimmo.fr";"";"";"";"";"";"";"";"";"0";"";"NON";"https://img.netty.immo/productw/easyvente/2/VA1955/1553274341_VA1955_12_l.jpg";"https://img.netty.immo/productw/easyvente/2/VA1955/1553273557_VA1955_2_l.jpg";"";"";"";"";"";"";"";"";"";"111955";"221";"D";"52";"E";"";"";"";"";"";"";"0";"0";"0";"";"";"";"";"";"";"";"";"";"";"";"";"";"";"";"";"";"";"NON";"";"";"NON";"";"";"";"";"";"0";"";"";"";"";"";"";"";"";"";"";"";"";"NON";"";"";"";"";"";"";"";"";"";"";"";"";"";"";"0";"";"";"";"";"";"";"";"";"";"";"";"";"";"OUI";"0";"0";"NON";"";"";"";"";"";"";"";"";"";"";"";"";"";"";"";"";"";"";"";"";"";"";"";"";"";"";"";"";"";"";"";"";"";"";"";"";"";"";"";"4.08-007";"1";"0";"0";"0";"0";"0";"";"";""
"easyvente";"VA1956-EASYVENTE";"vente";"appartement";"38100";"Grenoble";"FR";"22 place louis jouvet";"";"";"110000";"";"";"NON";"0";"86";"";"4";"3";"T4 86m2 Grenoble ";"Exclusivité - Grenoble <br>Proche de l'avenue Jean Perrot, idéalement situé à proximité directe de toutes commodités écoles, commerces, lycées,transport.<br><br>Situé en RDC, d'une copropriété calme et disposant de nombreux espaces verts , cet appartement se compose d'un séjour lumineux, , d'une cuisine équipée , de 3 chambres d'une salle de bain, d'un wc séparé, de nombreux rangements, et d'une cave.<br>Gardienne dans l'immeuble. Des parkings entourent la copropriété. rafraichissement à prévoir.<br>Charges annuelles : 2796€/an  (entretiens des communs, charges communes, syndic,chauffage, eau chaude  froide etc..) Contact et visites: Martine Giordano 06 66 08 56 72<br>Mandat N° 1842. Honoraires inclus de    TTC à la charge de l'acquéreur. Dans une copropriété. Quote-part moyenne du budget prévisionnel 2 796 €/an. Aucune procédure n'est en cours. <br>";"";"233";"0";"8";"NON";"1968";"";"1";"0";"1";"";"";"9";"";"";"";"";"0";"0";"OUI";"OUI";"0";"0";"";"";"";"NON";"";"";"";"";"";"";"";"";"";"";"";"";"";"";"";"";"";"";"";"";"";"";"";"";"";"";"";"";"";"";"";"";"";"";"OUI";"";"https://img.netty.immo/productw/easyvente/2/VA1956/1556274542_VA1956_5_l.jpg";"https://img.netty.immo/productw/easyvente/2/VA1956/1556274480_VA1956_4_l.jpg";"https://img.netty.immo/productw/easyvente/2/VA1956/1556274611_VA1956_6_l.jpg";"https://img.netty.immo/productw/easyvente/2/VA1956/1556274661_VA1956_7_l.jpg";"https://img.netty.immo/productw/easyvente/2/VA1956/1556274344_VA1956_2_l.jpg";"https://img.netty.immo/productw/easyvente/2/VA1956/1556274734_VA1956_8_l.jpg";"https://img.netty.immo/productw/easyvente/2/VA1956/1556274802_VA1956_9_l.jpg";"https://img.netty.immo/productw/easyvente/2/VA1956/1556274908_VA1956_10_l.jpg";"https://img.netty.immo/productw/easyvente/2/VA1956/1556274411_VA1956_3_l.jpg";"";"";"";"";"";"";"";"";"";"";"https://immo.netty.fr/vr/easyvente/VA1956";"0612255693";"Marine MANTAUT";"contact@easyventeimmo.fr";"38100";"Grenoble";"";"";"1842";"26/03/2019";"";"";"Easy Vente Immo";"4 rue Saint Antoine";"73000";"Chambéry";"0612255693";"";"";"easyvente_001";"";"";"";"";"";"";"";"";"";"";"";"";"0";"0";"1556284467";"834090144";"CPI 7301 2018 000 023 739";"http://easyvente.netty.fr/immobilier/appartement-t4-grenoble-vente-fr_VA1956.htm";"";"1";"0";"2796";"4290";"NON";"1500";"contact@easyventeimmo.fr";"Mantaut Marine";"OUI";"contact@easyventeimmo.fr";"";"";"";"";"";"";"";"";"0";"";"NON";"https://img.netty.immo/productw/easyvente/2/VA1956/1556274282_VA1956_1_l.jpg";"";"";"";"";"";"";"";"";"";"";"111956";"0";"";"0";"";"";"";"";"";"";"";"0";"0";"0";"";"";"";"";"";"";"";"";"";"";"";"";"";"";"";"";"";"";"NON";"";"";"NON";"";"";"";"";"";"0";"";"";"";"";"";"";"";"";"";"";"";"";"NON";"";"";"";"";"";"";"";"";"";"";"";"";"";"";"0";"";"";"";"";"";"";"";"";"";"";"";"";"";"OUI";"0";"2796";"NON";"";"";"";"";"";"";"";"";"";"";"";"";"";"";"";"";"";"";"";"";"";"";"";"";"";"";"";"";"";"";"";"";"";"";"";"";"";"";"";"4.08-007";"1";"0";"0";"0";"0";"0";"";"";""
"easyvente";"VA1960-EASYVENTE";"vente";"appartement";"73490";"La Ravoire";"FR";"201 Rue de la Dent du Chat";"";"";"225750";"";"";"NON";"5";"64";"";"3";"10";"Superbe T3 sans vis à vis";"Magnifique T3 de 66 m2 , proche de toutes commodités, disposant d'un garage en sous sol fermé. Vous entrez dans un séjour baigné de lumière, donnant sur un balcon carrelée avec une exposition sud. La cuisine a été rénovée avec gout et très pratique, l'appartement dispose de rangements dans l'entrée et chambre.<br>Contact Sylvie Pontille 06 49 62 83 38<br>Mandat N° 1846. Honoraires inclus de  5%  TTC à la charge de l'acquéreur. Prix hors honoraires 215 000 €. Dans une copropriété. Aucune procédure n'est en cours. <br>";"";"105";"1";"5";"NON";"2001";"";"4";"0";"1";"";"8704";"8";"OUI";"";"";"";"10";"0";"OUI";"OUI";"0";"17";"";"";"";"NON";"";"";"";"";"";"";"";"";"";"";"";"";"";"";"";"";"";"";"";"";"";"";"";"";"";"";"";"";"";"";"";"";"";"";"OUI";"";"https://img.netty.immo/productw/easyvente/2/VA1960/1557130142_VA1960_3_l.jpg";"https://img.netty.immo/productw/easyvente/2/VA1960/1557130183_VA1960_1_l.jpg";"https://img.netty.immo/productw/easyvente/2/VA1960/1557130289_VA1960_2_l.jpg";"https://img.netty.immo/productw/easyvente/2/VA1960/1557130664_VA1960_4_l.jpg";"https://img.netty.immo/productw/easyvente/2/VA1960/1557130710_VA1960_5_l.jpg";"https://img.netty.immo/productw/easyvente/2/VA1960/1554478600_VA1960_6_l.jpg";"";"";"";"";"";"";"";"";"";"";"";"";"";"";"0612255693";"Sylvie Pontille";"contact@easyventeimmo.fr";"73490";"La Ravoire";"";"";"1846";"04/04/2019";"";"";"Easy Vente Immo";"4 rue Saint Antoine";"73000";"Chambéry";"0612255693";"";"";"easyvente_095";"";"";"";"";"";"";"";"";"";"";"";"";"0";"0";"1556204110";"834090144";"CPI 7301 2018 000 023 739";"http://easyvente.netty.fr/immobilier/appartement-t3-la-ravoire-vente-fr_VA1960.htm";"";"1";"0";"0";"10750";"NON";"878";"contact@easyventeimmo.fr";"Mantaut Marine";"OUI";"contact@easyventeimmo.fr";"";"";"";"";"";"";"";"";"0";"";"NON";"";"";"";"";"";"";"";"";"";"";"";"111960";"0";"";"0";"";"";"";"";"";"";"";"0";"0";"0";"";"";"";"";"";"";"";"";"";"";"";"";"";"";"";"";"";"";"NON";"";"";"NON";"";"";"";"";"";"22";"";"";"";"";"";"";"";"";"";"";"";"";"NON";"";"";"";"";"";"";"";"";"";"";"";"";"";"";"0";"";"";"";"";"";"";"";"";"";"";"";"";"";"OUI";"0";"0";"NON";"";"";"";"";"";"";"";"";"";"";"";"";"";"";"";"";"";"";"";"";"";"";"";"";"";"";"";"";"";"";"";"";"";"";"";"";"";"";"";"4.08-007";"1";"215000";"0";"0";"0";"0";"";"";""
"easyvente";"VA1962-EASYVENTE";"vente";"appartement";"73610";"Saint-Alban-de-Montbel";"FR";"5301 Rue du Lac";"";"";"237900";"";"";"NON";"0";"65";"";"4";"3";"2 appartements à vendre ";"Lot de 2 appartements à vendre, dont<br>Un duplex de 65 m2 avec un jardin de 600 m2 en bordure de rivière privée. Au premier étage, vous entrez dans un séjour, cuisine ouverte, soleil traversant, ainsi que des toilettes, au deuxième étage, trois chambres avec leurs rangements, ainsi qu'une salle d'eau avec toilettes.<br>En rez de chaussée, un appartement T1 bis de 50 M2 se composant d'une cuisine aménagée et d'une grande pièce pouvant être aménagée grâce à une verrière en coté chambre avec dressing, puis de l'autre coté en séjour. Ce bien a un jardin en commun ainsi qu'un accès à la rivière. Cet appartement peut être loué 700 euros par mois, charges comprises.<br><br>Vous désirez vivre à la campagne et travailler en ville, la gare SNCF est à 5 minutes, ligne Chambéry / Lyon.<br>Bien desservi par les bus scolaire et transports en commun.<br>Ecole maternelle et primaire, crèche à Saint Alban de Montbel.<br>Collège à Novalaise.<br>Lycée à Chambéry.<br>10 minutes de Pont de Beauvoisin et 20 minutes de Chambéry.<br>A visiter...<br>Mandat N° 18031109. Honoraires à la charge du vendeur.  <br>";"";"0";"1";"2";"NON";"1950";"";"0";"1";"1";"";"8192";"";"OUI";"";"OUI";"";"0";"0";"";"";"0";"0";"";"";"";"NON";"";"";"";"";"";"";"";"";"";"";"";"";"";"";"";"";"";"";"";"";"";"";"";"";"";"";"";"";"";"OUI";"";"";"";"";"";"";"https://img.netty.immo/productw/easyvente/2/VA1962/1554812659_VA1962_11_l.jpg";"https://img.netty.immo/productw/easyvente/2/VA1962/1554812728_VA1962_10_l.jpg";"https://img.netty.immo/productw/easyvente/2/VA1962/1555250295_VA1962_8_l.jpg";"https://img.netty.immo/productw/easyvente/2/VA1962/1554812410_VA1962_2_l.jpg";"https://img.netty.immo/productw/easyvente/2/VA1962/1554812425_VA1962_1_l.jpg";"https://img.netty.immo/productw/easyvente/2/VA1962/1554812440_VA1962_3_l.jpg";"https://img.netty.immo/productw/easyvente/2/VA1962/1554812453_VA1962_4_l.jpg";"https://img.netty.immo/productw/easyvente/2/VA1962/1554812475_VA1962_5_l.jpg";"https://img.netty.immo/productw/easyvente/2/VA1962/1554812489_VA1962_6_l.jpg";"";"";"";"";"";"";"";"";"";"";"";"0612255693";"Sylvie Pontille";"contact@easyventeimmo.fr";"73610";"Saint-Alban-de-Montbel";"";"";"18031109";"02/04/2019";"";"";"Easy Vente Immo";"4 rue Saint Antoine";"73000";"Chambéry";"0612255693";"";"";"easyvente_095";"";"";"";"";"";"";"";"";"";"";"";"";"304";"17";"1555250908";"834090144";"CPI 7301 2018 000 023 739";"http://easyvente.netty.fr/immobilier/appartement-duplex-saint-alban-de-montbel-vente-fr_VA1962.htm";"";"0";"0";"0";"0";"NON";"250";"contact@easyventeimmo.fr";"Mantaut Marine";"OUI";"contact@easyventeimmo.fr";"";"";"";"";"";"";"";"";"0";"";"NON";"https://img.netty.immo/productw/easyvente/2/VA1962/1554812505_VA1962_7_l.jpg";"https://img.netty.immo/productw/easyvente/2/VA1962/1555249970_VA1962_18_l.jpg";"https://img.netty.immo/productw/easyvente/2/VA1962/1555249993_VA1962_19_l.jpg";"https://img.netty.immo/productw/easyvente/2/VA1962/1554812533_VA1962_9_l.jpg";"https://img.netty.immo/productw/easyvente/2/VA1962/1554812365_VA1962_17_l.jpg";"https://img.netty.immo/productw/easyvente/2/VA1962/1554812260_VA1962_12_l.jpg";"https://img.netty.immo/productw/easyvente/2/VA1962/1554812282_VA1962_13_l.jpg";"https://img.netty.immo/productw/easyvente/2/VA1962/1554812299_VA1962_14_l.jpg";"https://img.netty.immo/productw/easyvente/2/VA1962/1554812316_VA1962_15_l.jpg";"https://img.netty.immo/productw/easyvente/2/VA1962/1554812336_VA1962_16_l.jpg";"";"111962";"304";"E";"17";"C";"";"duplex";"";"";"";"";"0";"0";"0";"";"";"";"";"";"";"";"";"";"";"";"";"";"";"";"";"";"";"NON";"";"";"NON";"";"";"";"";"";"30";"";"";"";"";"";"";"";"";"";"";"";"";"NON";"";"";"";"";"";"";"";"";"";"";"";"";"";"";"0";"";"";"";"";"";"";"";"";"";"";"";"";"";"NON";"0";"0";"NON";"";"";"";"";"";"";"";"";"";"";"";"";"";"";"";"";"";"";"";"";"";"";"";"";"";"";"";"";"";"";"";"";"";"";"";"";"";"";"";"4.08-007";"2";"";"0";"0";"0";"0";"";"";""
"easyvente";"VA1966-EASYVENTE";"vente";"appartement";"73000";"Chambéry";"FR";"12 square de Joppet";"";"";"126000";"";"";"NON";"0";"66";"";"3";"2";"T3 66m2 avec garage et cave ";"Exclusivité<br><br>Chambéry - Quartier Joppet<br>Proche de toutes commodités dans un quartier calme et résidentiel avec de nombreux parkings et espaces verts.<br><br>Situé au 1er étage sans ascenseur d'une copropriété de 4 étages.<br>Découvrez cet appartement traversant composé d'un hall  d'entrée desservant: un salon séjour lumineux, une cuisine séparée (possibilité d'ouverture) une salle de bain, deux belles chambres avec placards et un WC séparé.<br><br>Un balcon donnant sur les espaces verts de la résidence offre une belle vue dégagée sur les montagnes très agréable.<br><br>Une cave et un garage viennent compléter cet appartement.<br><br>Contact et visites: Marine 06 12 25 56 93 <br>Mandat N° 1849. Honoraires à la charge du vendeur. Dans une copropriété. Quote-part moyenne du budget prévisionnel 900 €/an. Aucune procédure n'est en cours. <br>";"";"76";"1";"4";"NON";"1958";"";"1";"0";"1";"";"10240";"7";"OUI";"";"";"OUI";"1";"3";"";"OUI";"1";"0";"";"";"";"NON";"";"";"";"";"";"";"";"";"";"";"";"";"";"";"";"";"";"";"";"";"";"";"";"";"";"";"";"";"";"OUI";"";"";"";"";"OUI";"";"https://img.netty.immo/productw/easyvente/2/VA1966/1556788348_VA1966_26_l.jpg";"https://img.netty.immo/productw/easyvente/2/VA1966/1556787504_VA1966_15_l.jpg";"https://img.netty.immo/productw/easyvente/2/VA1966/1556787569_VA1966_16_l.jpg";"https://img.netty.immo/productw/easyvente/2/VA1966/1556787707_VA1966_18_l.jpg";"https://img.netty.immo/productw/easyvente/2/VA1966/1556787643_VA1966_17_l.jpg";"https://img.netty.immo/productw/easyvente/2/VA1966/1556787423_VA1966_14_l.jpg";"https://img.netty.immo/productw/easyvente/2/VA1966/1556787870_VA1966_20_l.jpg";"https://img.netty.immo/productw/easyvente/2/VA1966/1556787934_VA1966_21_l.jpg";"https://img.netty.immo/productw/easyvente/2/VA1966/1556788109_VA1966_23_l.jpg";"";"";"";"";"";"";"";"";"";"";"";"0612255693";"Marine MANTAUT";"contact@easyventeimmo.fr";"73000";"Chambéry";"";"";"1849";"26/04/2019";"";"";"Easy Vente Immo";"4 rue Saint Antoine";"73000";"Chambéry";"0612255693";"";"";"easyvente_001";"";"";"";"";"";"";"";"";"";"";"";"";"0";"0";"1556789646";"834090144";"CPI 7301 2018 000 023 739";"http://easyvente.netty.fr/immobilier/appartement-t3-chambery-vente-fr_VA1966.htm";"";"1";"0";"900";"0";"NON";"800";"contact@easyventeimmo.fr";"Mantaut Marine";"OUI";"contact@easyventeimmo.fr";"";"";"";"";"";"";"";"";"0";"";"OUI";"https://img.netty.immo/productw/easyvente/2/VA1966/1556788202_VA1966_24_l.jpg";"https://img.netty.immo/productw/easyvente/2/VA1966/1556292260_VA1966_9_l.jpg";"";"";"";"";"";"";"";"";"";"111966";"0";"";"0";"";"";"";"";"";"";"";"0";"0";"0";"";"";"";"";"";"";"";"";"";"";"";"";"";"";"";"";"";"";"NON";"";"";"NON";"";"";"";"";"";"17";"";"";"";"";"";"";"";"";"";"";"";"";"NON";"";"";"";"";"";"";"";"";"";"";"";"";"";"";"0";"";"";"";"";"";"";"";"";"";"";"";"";"";"OUI";"0";"900";"NON";"";"";"";"";"";"";"";"";"";"";"";"";"";"";"";"";"";"";"";"";"";"";"";"";"";"";"";"";"";"";"";"";"";"";"";"";"";"";"";"4.08-007";"2";"";"0";"0";"0";"0";"";"";""
"easyvente";"VA1994-EASYVENTE";"vente";"appartement";"73000";"Bassens";"FR";"243 Chemin de Gonrat";"";"";"171600";"";"";"NON";"0";"67";"";"3";"2";"Appartement à vendre Bassens";"<br>Mandat N° 18031110. Honoraires à la charge du vendeur. Dans une copropriété de 128 lots. Aucune procédure n'est en cours. <br>";"";"100";"1";"5";"NON";"1966";"";"0";"1";"1";"";"4608";"7";"";"";"";"";"9";"0";"";"OUI";"0";"0";"";"";"";"NON";"";"";"";"";"";"";"";"";"";"";"";"";"";"";"";"";"";"";"";"";"";"";"";"";"";"";"";"";"";"OUI";"";"";"";"";"OUI";"";"https://img.netty.immo/productw/easyvente/2/VA1994/1556829602_VA1994_1_l.jpg";"https://img.netty.immo/productw/easyvente/2/VA1994/1556829631_VA1994_2_l.jpg";"https://img.netty.immo/productw/easyvente/2/VA1994/1556829642_VA1994_3_l.jpg";"https://img.netty.immo/productw/easyvente/2/VA1994/1556829692_VA1994_6_l.jpg";"https://img.netty.immo/productw/easyvente/2/VA1994/1556829707_VA1994_7_l.jpg";"https://img.netty.immo/productw/easyvente/2/VA1994/1556829757_VA1994_10_l.jpg";"";"";"";"";"";"";"";"";"";"";"";"";"";"";"0612255693";"Sylvie Pontille";"contact@easyventeimmo.fr";"73000";"Bassens";"";"";"18031110";"29/04/2019";"";"";"Easy Vente Immo";"4 rue Saint Antoine";"73000";"Chambéry";"0612255693";"";"";"easyvente_095";"";"";"";"";"";"";"";"";"";"";"";"";"0";"0";"1557131301";"834090144";"CPI 7301 2018 000 023 739";"http://easyvente.netty.fr/immobilier/appartement-t3-bassens-vente-fr_VA1994.htm";"";"1";"128";"0";"0";"NON";"800";"contact@easyventeimmo.fr";"Mantaut Marine";"OUI";"contact@easyventeimmo.fr";"";"";"";"";"";"";"";"";"0";"";"NON";"";"";"";"";"";"";"";"";"";"";"";"111994";"0";"";"0";"";"";"";"";"";"";"";"0";"0";"0";"";"";"";"";"";"";"";"";"";"";"";"";"";"";"";"";"";"";"NON";"";"";"NON";"";"";"";"";"";"20";"";"";"";"";"";"";"";"";"";"";"";"";"NON";"";"";"";"";"";"";"";"";"";"";"";"";"";"";"0";"";"";"";"";"";"";"";"";"";"";"";"";"";"OUI";"128";"0";"NON";"";"";"";"";"";"";"";"";"";"";"";"";"";"";"";"";"";"";"";"";"";"";"";"";"";"";"";"";"";"";"";"";"";"";"";"";"";"";"";"4.08-007";"2";"";"0";"0";"0";"0";"";"";""
"easyvente";"VM272-EASYVENTE";"vente";"maison";"74960";"Meythet";"FR";"2 rue ambroise croizat";"";"";"575000";"";"";"NON";"0";"178";"555";"7";"4";"Maison 178 m2 Meythet Annecy";"Idéalement située dans le quartier résidentiel calme de Meythet, à 10 min du centre historique d'Annecy, et proche des commerces, écoles, transports, venez découvrir cette belle et spacieuse maison:<br>L'entrée de la maison dessert le 1er étage, composée de 2 chambres, d'une salle de bain, d'un WC séparé d'une cuisine équipée (possibilité d'ouverture  sur le séjour). Le séjour de 30m2 spacieux, lumineux composée d'une cheminée et un beau parquet en bois massif, est un lieu agréable de détente. Enfin une grande terrasse idéalement exposée plein Sud est accessible à la fois par le salon et par la cuisine.<br>Au rez de chaussé se trouve un grand garage disposant d'ouvertures extérieures d'une porte de garage électrique offrant la possibilité de rentrer 4 véhicules ainsi que de nombreux rangements. Au même niveau une chaufferie indépendante et un accès facile à une grande cave en sous sol ainsi qu'aux niveaux supérieurs de la maison.<br>En suite à l'étage dont l'accès se fait par le hall d'entrée de la maison vous trouverez une pièce très spacieuse pouvant être divisée pour créer deux pièces. dans la continuité un pallier dessert à gauche une très grande salle de douche composée d'un WC, une chambre spacieuse et très grande pièce disposant d'arrivées d'eau, d'électricité et d'une aération hotte pour y installer éventuellement une cuisine.<br>Ce dernier étage peut être rendu complètement indépendant (montée indépendante, cuisine, salle de bain, séjour, plusieurs pièces et chambres) pour une éventuelle location, indépendance des enfants etc.<br>La maison est construite sur un beau terrain arboré de 555m2.<br>Visite virtuelle, infos et photos disponible sur le site easyventeimmo. Bien vendu entre particuliers pas d'honoraires.<br><br>Mandat N° 1821. Honoraires à la charge du vendeur.  <br>";"";"0";"";"3";"NON";"1971";"";"0";"2";"2";"";"8704";"7";"OUI";"";"";"";"0";"0";"";"";"2";"3";"";"";"";"OUI";"";"";"";"";"";"";"";"";"";"";"";"";"";"";"";"";"";"";"";"";"";"";"";"";"";"";"";"";"";"";"";"";"";"";"";"";"https://img.netty.immo/productw/easyvente/2/VM272/1548847477_VM272_23_l.jpg";"https://img.netty.immo/productw/easyvente/2/VM272/1548847435_VM272_16_l.jpg";"https://img.netty.immo/productw/easyvente/2/VM272/1548847485_VM272_24_l.jpg";"https://img.netty.immo/productw/easyvente/2/VM272/1548847490_VM272_25_l.jpg";"https://img.netty.immo/productw/easyvente/2/VM272/1548847418_VM272_13_l.jpg";"https://img.netty.immo/productw/easyvente/2/VM272/1526906586_VM272_2_l.jpg";"https://img.netty.immo/productw/easyvente/2/VM272/1548847461_VM272_20_l.jpg";"https://img.netty.immo/productw/easyvente/2/VM272/1526907580_VM272_4_l.jpg";"https://img.netty.immo/productw/easyvente/2/VM272/1548847384_VM272_8_l.jpg";"";"";"";"";"";"";"";"";"";"";"";"0612255693";"Marine MANTAUT";"contact@easyventeimmo.fr";"74960";"Meythet";"";"";"1821";"15/11/2018";"";"";"Easy Vente Immo";"4 rue Saint Antoine";"73000";"Chambéry";"0612255693";"";"";"easyvente_001";"";"";"";"";"";"";"";"";"";"";"";"";"253";"31";"1553158464";"834090144";"CPI 7301 2018 000 023 739";"http://easyvente.netty.fr/immobilier/maison-traditionnelle-meythet-vente-fr_VM272.htm";"";"0";"0";"0";"0";"NON";"840";"contact@easyventeimmo.fr";"Mantaut Marine";"OUI";"contact@easyventeimmo.fr";"";"";"";"";"";"";"";"";"0";"";"NON";"https://img.netty.immo/productw/easyvente/2/VM272/1548847389_VM272_9_l.jpg";"https://img.netty.immo/productw/easyvente/2/VM272/1548847398_VM272_7_l.jpg";"https://img.netty.immo/productw/easyvente/2/VM272/1526907588_VM272_5_l.jpg";"https://img.netty.immo/productw/easyvente/2/VM272/1548847414_VM272_12_l.jpg";"https://img.netty.immo/productw/easyvente/2/VM272/1548847423_VM272_14_l.jpg";"https://img.netty.immo/productw/easyvente/2/VM272/1548847408_VM272_11_l.jpg";"https://img.netty.immo/productw/easyvente/2/VM272/1548847440_VM272_17_l.jpg";"https://img.netty.immo/productw/easyvente/2/VM272/1548847449_VM272_19_l.jpg";"https://img.netty.immo/productw/easyvente/2/VM272/1548847472_VM272_22_l.jpg";"https://img.netty.immo/productw/easyvente/2/VM272/1548847466_VM272_21_l.jpg";"";"12272";"253";"E";"31";"D";"";"maison traditionnelle";"";"";"";"";"0";"0";"0";"";"";"";"";"";"";"";"";"";"";"";"";"";"";"";"";"";"";"NON";"";"";"NON";"";"";"";"";"";"30";"";"";"";"";"";"";"";"";"";"";"";"";"NON";"";"";"";"";"";"";"";"";"";"";"";"";"";"";"1";"";"";"";"";"";"";"";"";"";"";"";"";"";"NON";"0";"0";"NON";"";"";"";"";"";"";"";"";"";"";"";"";"";"";"";"";"";"";"";"";"";"";"";"";"";"";"";"";"";"";"";"";"";"";"";"";"";"";"";"4.08-007";"2";"";"0";"0";"0";"0";"";"";""
"easyvente";"VM276-EASYVENTE";"vente de prestige";"maison";"73210";"Mâcot-la-Plagne";"FR";"939 route d'Aime";"";"";"595000";"";"";"NON";"0";"175";"1700";"6";"4";"Maison 6pièces 175m2 Macôt la Plagne";"Maison de 175 m2 construite sur un terrain de 1700 m2, idéalement située à la Plagne Tarentaise (Macôt la Plagne), et à proximité du centre d'Aime et de toutes commodités: écoles, transports en commun, zone commerciale. Proximité directe Stations de Ski.<br>L'entrée de la maison se fait par un petit hall qui donne accès directement sur le séjour. Il dessert également la buanderie, un WC indépendant et l'accès au garage en demi sous-sol.<br>Dans le prolongement du séjour, se trouve la cuisine aménagée et équipée, et donne accès à une véranda de 30 m2 (isolée et chauffée grâce à un poêle) permettant ainsi un espace de réception supplémentaire.<br>Le salon légèrement surélevé est également ouvert sur le séjour et bénéficie d'une très belle vue sur les montagnes, il est composé de nombreux rangements et d'un très grand bureau fait sur mesure.<br>Toujours au rez de chaussé se trouve une chambre avec une salle de douche.<br>A l'étage se trouve trois chambres lumineuses et spacieuses ainsi qu'une grande salle de bain composée d'une douche, d'une baignoire, d'une vasque et d'un WC.<br>Coté extérieur, l'entretien est irréprochable : Le jardin est composé de 2 terrasses exposées Sud-Ouest et Sud-Est, d'une allée goudronnée qui donne accès à un espace parking et aux 2 garages avec portes électriques. Le jardin arboré est composé d'un abri d'été, l'aménagement des abords de la maison fait avec goût.<br>A noter :<br>- De nombreux rangements<br>- Ensoleillement toute la journée grâce à sa triple exposition<br><br>Mandat N° 18031102.  <br>";"";"0";"";"2";"NON";"2004";"OUI";"1";"1";"2";"";"256";"6";"OUI";"";"OUI";"";"0";"0";"";"OUI";"3";"2";"";"";"";"NON";"";"";"";"";"";"";"";"";"";"";"";"";"";"";"";"";"";"";"";"";"";"";"";"";"";"";"";"";"";"OUI";"";"";"";"";"";"";"https://img.netty.immo/productw/easyvente/2/VM276/1528742954_VM276_3_l.jpg";"https://img.netty.immo/productw/easyvente/2/VM276/1528742946_VM276_1_l.jpg";"https://img.netty.immo/productw/easyvente/2/VM276/1528743001_VM276_6_l.jpg";"https://img.netty.immo/productw/easyvente/2/VM276/1528742951_VM276_2_l.jpg";"https://img.netty.immo/productw/easyvente/2/VM276/1528742997_VM276_5_l.jpg";"https://img.netty.immo/productw/easyvente/2/VM276/1528743010_VM276_7_l.jpg";"https://img.netty.immo/productw/easyvente/2/VM276/1528743041_VM276_8_l.jpg";"https://img.netty.immo/productw/easyvente/2/VM276/1528743048_VM276_9_l.jpg";"https://img.netty.immo/productw/easyvente/2/VM276/1528743081_VM276_10_l.jpg";"";"";"";"";"";"";"";"";"";"";"";"0612255693";"Marine MANTAUT";"contact@easyventeimmo.fr";"73210";"Mâcot-la-Plagne";"";"";"18031102";"13/02/2018";"";"";"Easy Vente Immo";"4 rue Saint Antoine";"73000";"Chambéry";"0612255693";"";"";"easyvente_001";"";"";"";"";"";"";"";"";"";"";"";"";"192";"57";"1548757040";"834090144";"CPI 7301 2018 000 023 739";"http://easyvente.netty.fr/immobilier/maison-villa-macot-la-plagne-vente-fr_VM276.htm";"";"0";"0";"0";"0";"NON";"1444";"contact@easyventeimmo.fr";"Mantaut Marine";"OUI";"contact@easyventeimmo.fr";"";"";"";"";"";"";"";"";"0";"";"NON";"https://img.netty.immo/productw/easyvente/2/VM276/1528743086_VM276_11_l.jpg";"https://img.netty.immo/productw/easyvente/2/VM276/1528743123_VM276_13_l.jpg";"https://img.netty.immo/productw/easyvente/2/VM276/1528743128_VM276_14_l.jpg";"https://img.netty.immo/productw/easyvente/2/VM276/1528743102_VM276_12_l.jpg";"";"";"";"";"";"";"";"12276";"192";"D";"57";"F";"";"villa";"";"";"";"";"0";"0";"0";"";"";"";"";"";"";"";"";"";"";"";"";"";"";"";"";"";"";"NON";"";"";"NON";"";"";"";"";"";"50";"";"";"";"";"";"";"";"";"";"";"";"";"NON";"";"";"";"";"";"";"";"";"";"";"";"";"";"";"0";"";"";"";"";"";"";"";"";"";"";"";"";"";"NON";"0";"0";"NON";"";"";"";"";"";"";"";"";"";"";"";"";"";"";"";"";"";"";"";"";"";"";"";"";"";"";"";"";"";"";"";"";"";"";"";"";"";"";"";"4.08-007";"1";"";"0";"0";"0";"0";"";"";""
"easyvente";"VM280-EASYVENTE";"vente";"maison";"07160";"Le Chambon";"FR";"nicoule";"";"";"338500";"";"";"NON";"0";"133";"3000";"7";"4";"Superbe chalet Ardéchois en bois";"Dans un magnifique cadre de nature préservée au coeur de l'Ardèche, nous vous invitons à venir découvrir ce magnifique chalet intégralement construit en bois et pierres naturelles sur un terrain de 2000m2.<br>Ce chalet bénéficie de prestations de qualité, meubles et équipements de cuisine et de salle de bain haut de gamme, radiateurs électriques basse température en pierre de lave, poêle à bois, fenêtres et baies vitrées en double vitrage avec moustiquaires coulissantes intégrées.<br>Un espace de stationnement gravillonné entoure le chalet coté garage. Le sous sol de 120m2 semi-enterré, habillé de pierres naturelles, comporte un espace de stationnement, un point d'eau, une buanderie, des espaces de rangement et un escalier menant à l'intérieur du chalet.<br>Cet escalier dessert le rez de chaussé composé d'une chambre avec placards, d'une salle d'eau avec douche à l'italienne WC et double vasque, d'une cuisine équipée et ouverte sur le salon séjour lumineux donnant lui même accès a une grande terrasse exposée Sud ouest.<br>L'étage dispose d'un hall spacieux desservant 3 chambres tourtes équipées de placards coulissants, une salle d'eau et des toilettes indépendantes.<br>A l'extérieur se trouve en plus de la belle terrasse, un cabanon de jardin en pierre, un abris et un petit ruisseau.<br>Bien vendu entre particuliers pas de commission d'agence, nous vous mettons en relation avec le propriétaire.<br><br>Mandat N° 18031103.  <br>";"";"0";"";"3";"OUI";"2008";"";"0";"2";"2";"";"";"8";"";"";"OUI";"OUI";"0";"0";"";"OUI";"3";"1";"";"";"";"NON";"";"";"";"";"";"";"";"";"";"";"";"";"";"";"";"";"";"";"";"";"";"";"";"";"";"";"";"";"";"OUI";"";"";"";"";"";"";"https://img.netty.immo/productw/easyvente/2/VM280/1529430081_VM280_1_l.jpg";"https://img.netty.immo/productw/easyvente/2/VM280/1529430162_VM280_10_l.jpg";"https://img.netty.immo/productw/easyvente/2/VM280/1529430188_VM280_12_l.jpg";"https://img.netty.immo/productw/easyvente/2/VM280/1529430092_VM280_2_l.jpg";"https://img.netty.immo/productw/easyvente/2/VM280/1529430111_VM280_3_l.jpg";"https://img.netty.immo/productw/easyvente/2/VM280/1529430120_VM280_4_l.jpg";"https://img.netty.immo/productw/easyvente/2/VM280/1529430137_VM280_8_l.jpg";"https://img.netty.immo/productw/easyvente/2/VM280/1529430226_VM280_5_l.jpg";"https://img.netty.immo/productw/easyvente/2/VM280/1529430128_VM280_6_l.jpg";"";"";"";"";"";"";"";"";"";"";"";"0612255693";"Marine MANTAUT";"contact@easyventeimmo.fr";"07160";"Le Chambon";"";"";"18031103";"24/04/2018";"";"";"Easy Vente Immo";"4 rue Saint Antoine";"73000";"Chambéry";"0612255693";"";"";"easyvente_001";"";"";"";"";"";"";"";"";"";"";"";"";"261";"12";"1529597843";"834090144";"CPI 7301 2018 000 023 739";"http://easyvente.netty.fr/immobilier/maison-chalet-le-chambon-vente-fr_VM280.htm";"";"0";"0";"0";"0";"NON";"840";"contact@easyventeimmo.fr";"Mantaut Marine";"OUI";"contact@easyventeimmo.fr";"";"";"";"";"";"";"";"";"0";"";"NON";"https://img.netty.immo/productw/easyvente/2/VM280/1529430133_VM280_7_l.jpg";"https://img.netty.immo/productw/easyvente/2/VM280/1529430183_VM280_11_l.jpg";"https://img.netty.immo/productw/easyvente/2/VM280/1529430157_VM280_9_l.jpg";"";"";"";"";"";"";"";"";"12280";"261";"E";"12";"C";"";"chalet";"";"";"";"";"0";"0";"0";"";"";"";"";"";"";"";"";"";"";"";"";"";"";"";"";"";"";"NON";"";"";"NON";"";"";"";"";"";"0";"";"";"";"";"";"";"";"";"";"";"";"";"NON";"";"";"";"";"";"";"";"";"";"";"";"";"";"";"0";"";"";"";"";"";"";"";"";"";"";"";"";"";"NON";"0";"0";"NON";"";"";"";"";"";"";"";"";"";"";"";"";"";"";"";"";"";"";"";"";"";"";"";"";"";"";"";"";"";"";"";"";"";"";"";"";"";"";"";"4.08-007";"1";"338000";"0";"0";"0";"0";"";"";""
"easyvente";"VM296-EASYVENTE";"vente";"maison";"38570";"Le Cheylas";"FR";"92 rue du curtieux";"";"";"449000";"";"";"NON";"0";"177";"2300";"6";"4";"Villa récente 6p 177m2 - Le Cheylas";"Cette belle villa de 6 pièces sur terrain plat de 2300 m² joliement arboré et clos vous séduira par sa luminosité,  le volume de ces pièces et la vue dégagée sur les montagnes environnantes.<br><br>Le RDC est composé d'une grande chambre, d'une salle de bain, d'un dressing, d'un wc séparé, d'un grand garage de 36m2 accessible par l'intérieur de la maison, d'une cuisine séparée (avec possibilité d'ouverture sur le séjour), d'un cellier. Et enfin un grand séjour cathédrale qui offre une trés belle sensation d'espace et apporte beaucoup de luminosité.<br><br>Au premier niveau le coin nuit dispose de 3 grandes chambres, d'une salle de bain, et d'un wc.<br><br>Vous serez séduit par la qualité des prestations et de la construction de cette belle maison parfaitement entretenue. Les faibles charges énergétiques et le revenu complémentaire généré par les panneaux solaire sont un vrai atout.<br><br><br>Situé à moins de 5kms de Pontcharra, à  20 mn de Chambéry et 35 mn de Grenoble, dans un environnement calme et verdoyant, au pied des stations de Belledonne et des Bauges.<br>Un arrêt de bus à deux pas de la maison dessert collège et lycée. Ecoles primaires et maternelles à 300m.<br><br>Plus de photos sur le site easyventeimmo<br>Contat et visites: Marine 0612255693<br>Mandat N° 18031108. Honoraires à la charge du vendeur.  <br>";"";"0";"";"2";"NON";"2002";"OUI";"1";"1";"2";"";"8448";"7";"OUI";"";"";"";"0";"0";"";"";"3";"1";"";"";"";"NON";"";"";"";"";"";"";"";"";"";"";"";"";"";"";"";"";"";"";"";"";"";"";"";"";"";"";"";"";"";"OUI";"";"";"";"";"";"";"https://img.netty.immo/productw/easyvente/2/VM296/1553174600_VM296_13_l.jpg";"https://img.netty.immo/productw/easyvente/2/VM296/1547721857_VM296_16_l.jpg";"https://img.netty.immo/productw/easyvente/2/VM296/1547721723_VM296_5_l.jpg";"https://img.netty.immo/productw/easyvente/2/VM296/1547721729_VM296_6_l.jpg";"https://img.netty.immo/productw/easyvente/2/VM296/1547721687_VM296_1_l.jpg";"https://img.netty.immo/productw/easyvente/2/VM296/1547721695_VM296_2_l.jpg";"https://img.netty.immo/productw/easyvente/2/VM296/1547721701_VM296_3_l.jpg";"https://img.netty.immo/productw/easyvente/2/VM296/1547721714_VM296_4_l.jpg";"https://img.netty.immo/productw/easyvente/2/VM296/1547721817_VM296_9_l.jpg";"";"";"";"";"";"";"";"";"";"";"https://immo.netty.fr/vr/easyvente/VM296";"0612255693";"Marine MANTAUT";"contact@easyventeimmo.fr";"38570";"Le Cheylas";"";"";"18031108";"14/01/2019";"";"";"Easy Vente Immo";"4 rue Saint Antoine";"73000";"Chambéry";"0612255693";"";"";"easyvente_001";"";"";"";"";"";"";"";"";"";"";"";"";"71";"23";"1555511659";"834090144";"CPI 7301 2018 000 023 739";"http://easyvente.netty.fr/immobilier/maison-contemporaine-le-cheylas-vente-fr_VM296.htm";"";"0";"0";"0";"0";"NON";"1446";"contact@easyventeimmo.fr";"Mantaut Marine";"OUI";"contact@easyventeimmo.fr";"";"";"";"";"";"";"";"";"0";"";"NON";"https://img.netty.immo/productw/easyvente/2/VM296/1547721801_VM296_7_l.jpg";"https://img.netty.immo/productw/easyvente/2/VM296/1547721836_VM296_12_l.jpg";"https://img.netty.immo/productw/easyvente/2/VM296/1547721825_VM296_10_l.jpg";"https://img.netty.immo/productw/easyvente/2/VM296/1547722300_VM296_8_l.jpg";"https://img.netty.immo/productw/easyvente/2/VM296/1547721891_VM296_22_l.jpg";"https://img.netty.immo/productw/easyvente/2/VM296/1547722317_VM296_11_l.jpg";"";"";"";"";"";"12296";"71";"B";"23";"D";"";"maison contemporaine";"";"";"";"";"0";"0";"0";"";"";"";"";"";"";"";"";"";"";"";"";"";"";"";"";"";"";"NON";"";"";"NON";"";"";"";"";"";"40";"";"";"";"";"";"";"";"";"";"";"";"";"NON";"";"";"";"";"";"";"";"";"";"";"";"";"";"";"0";"";"";"";"";"";"";"";"";"";"";"";"";"";"NON";"0";"0";"NON";"";"";"";"";"";"";"";"";"";"";"";"";"";"";"";"";"";"";"";"";"";"";"";"";"";"";"";"";"";"";"";"";"";"";"";"";"";"";"";"4.08-007";"2";"";"0";"0";"0";"0";"";"";""
"easyvente";"VM310-EASYVENTE";"vente";"maison";"73230";"Saint-Jean-d'Arvey";"FR";"221 Allée basse du château";"";"";"315000";"";"";"NON";"5";"103";"0";"5";"3";"SAINT JEAN D'ARVEY (73230) - Maison 5 pièces";"Exclusivité !<br><br>Maison de 100 m² environ sur un terrain arboré et clôturé. Belle exposition avec une superbe vue sur le Granier et la chaîne de Belledonne.<br><br>Grande pièce de vie avec cuisine équipée semi-ouverte, donnant sur une terrasse en bois de 70 m² exposée sud.<br>Cette maison familiale dispose également de 3 chambres, une salle de bain, 2 WC et des combles aménagés (chambre supplémentaire, bureau ou encore salle de jeux),<br>Grand garage avec mezzanine.<br>Chauffage : poêle à granules+ chauffage électrique<br><br>Le centre de Saint Jean d'Arvey (commerces et écoles) est à 10 minutes à pied, le bus STAC est à 5 min à pied.<br><br>Pour visiter ce bien et nous permettre de vous accompagner dans votre projet, contactez Annelyse DAMBRINE au 06 18 98 21 75 ou par mail : a.dambrine@easyventeimmo.fr. Mandat N° 1848<br>Le professionnel garantit et sécurise votre projet immobilier.<br>Mandat N° 1848. Honoraires inclus de  5%  TTC à la charge de l'acquéreur. Prix hors honoraires 300 000 €.  <br>";"";"0";"";"0";"OUI";"1986";"";"1";"0";"2";"";"4096";"9";"OUI";"";"";"";"0";"0";"";"NON";"2";"1";"";"";"";"NON";"";"";"";"";"";"";"";"";"";"";"";"";"";"";"";"";"";"";"";"";"";"";"";"";"";"";"";"";"";"OUI";"";"";"";"";"";"";"https://img.netty.immo/productw/easyvente/2/VM310/1555440079_VM310_6_l.jpg";"https://img.netty.immo/productw/easyvente/2/VM310/1555440137_VM310_9_l.jpg";"https://img.netty.immo/productw/easyvente/2/VM310/1555440151_VM310_10_l.jpg";"https://img.netty.immo/productw/easyvente/2/VM310/1555440177_VM310_12_l.jpg";"https://img.netty.immo/productw/easyvente/2/VM310/1555440211_VM310_14_l.jpg";"https://img.netty.immo/productw/easyvente/2/VM310/1555440253_VM310_16_l.jpg";"https://img.netty.immo/productw/easyvente/2/VM310/1555440197_VM310_13_l.jpg";"https://img.netty.immo/productw/easyvente/2/VM310/1554793845_VM310_4_l.jpg";"";"";"";"";"";"";"";"";"";"";"";"https://immo.netty.fr/vr/easyvente/VM310";"0612255693";"Annelyse DAMBRINE";"contact@easyventeimmo.fr";"73230";"Saint-Jean-d'Arvey";"";"";"1848";"08/04/2019";"";"";"Easy Vente Immo";"4 rue Saint Antoine";"73000";"Chambéry";"0612255693";"";"";"easyvente_094";"";"";"";"";"";"";"";"";"";"";"";"";"224";"3";"1555494542";"834090144";"CPI 7301 2018 000 023 739";"http://easyvente.netty.fr/immobilier/maison-contemporaine-saint-jean-darvey-vente-fr_VM310.htm";"";"0";"0";"0";"15000";"NON";"924";"contact@easyventeimmo.fr";"Mantaut Marine";"OUI";"contact@easyventeimmo.fr";"";"";"";"";"";"";"";"";"0";"";"NON";"";"";"";"";"";"";"";"";"";"";"";"12310";"224";"D";"3";"A";"";"maison contemporaine";"";"";"";"";"0";"0";"0";"";"";"";"";"";"";"";"";"";"";"";"";"";"";"";"";"";"";"NON";"";"";"NON";"";"";"";"";"";"0";"";"";"";"";"";"";"";"";"";"";"";"";"NON";"";"";"";"";"";"";"";"";"";"";"";"";"";"";"0";"";"";"";"";"";"";"";"";"";"";"";"";"";"NON";"0";"0";"NON";"";"";"";"";"";"";"";"";"";"";"";"";"";"";"";"";"";"";"";"";"";"";"";"";"";"";"";"";"";"";"";"";"";"";"";"";"";"";"";"4.08-007";"1";"300000";"0";"0";"0";"0";"";"";""
"easyvente";"VM311-EASYVENTE";"vente";"maison";"73610";"Saint-Alban-de-Montbel";"FR";"5301 Route du Lac";"";"";"140200";"";"";"NON";"3.85";"0";"0";"2";"0";"Maison à vendre Saint-Alban-de-Montbel";"Vous serez charmé par cette magnifique grange en pierre de 66 M2 au sol, avec la possibilité de faire une dalle pour doubler la superficie. Vous aimez les travaux, pouvoir créer un bien à votre image, cette grange est pour vous..!<br>Une place de parking avec ce bien.<br>Gare SNCF à 5 minutes à pied.<br>Bien desservi par les bus scolaire et transports en commun.<br>Ecole maternelle et primaire, crèche à Saint Alban de Montbel.<br>Collège à Novalaise.<br>Lycée à Chambéry.<br>10 minutes de Pont de Beauvoisin et 20 minutes de Chambéry.<br>A visiter...<br><br>Contact : Sylvie Pontille au 06 49 62 83 38<br>Mandat N° 1845. Honoraires inclus de  3.85%  TTC à la charge de l'acquéreur. Prix hors honoraires 135 000 €.  <br>";"";"0";"";"0";"NON";"1900";"";"0";"0";"0";"";"4096";"";"OUI";"";"OUI";"";"0";"0";"";"";"0";"0";"";"";"";"NON";"";"";"";"";"";"";"";"";"";"";"";"";"";"";"";"";"";"";"";"";"";"";"";"";"";"";"";"";"";"";"";"";"";"";"";"";"https://img.netty.immo/productw/easyvente/2/VM311/1554814507_VM311_4_l.jpg";"https://img.netty.immo/productw/easyvente/2/VM311/1554814293_VM311_1_l.jpg";"https://img.netty.immo/productw/easyvente/2/VM311/1554814321_VM311_2_l.jpg";"https://img.netty.immo/productw/easyvente/2/VM311/1554814335_VM311_3_l.jpg";"https://img.netty.immo/productw/easyvente/2/VM311/1554814523_VM311_5_l.jpg";"";"";"";"";"";"";"";"";"";"";"";"";"";"";"";"0612255693";"Sylvie Pontille";"contact@easyventeimmo.fr";"73610";"Saint-Alban-de-Montbel";"";"";"1845";"02/04/2019";"";"";"Easy Vente Immo";"4 rue Saint Antoine";"73000";"Chambéry";"0612255693";"";"";"easyvente_095";"";"";"";"";"";"";"";"";"";"";"";"";"0";"0";"1555256517";"834090144";"CPI 7301 2018 000 023 739";"http://easyvente.netty.fr/immobilier/maison-ferme-saint-alban-de-montbel-vente-fr_VM311.htm";"";"0";"0";"0";"5200";"NON";"0";"contact@easyventeimmo.fr";"Mantaut Marine";"OUI";"contact@easyventeimmo.fr";"";"";"";"";"";"";"";"";"0";"";"OUI";"";"";"";"";"";"";"";"";"";"";"";"12311";"0";"VI";"0";"VI";"";"ferme";"";"";"";"";"0";"0";"0";"";"";"";"";"";"";"";"";"";"";"";"";"";"";"";"";"";"";"NON";"";"";"NON";"";"";"";"";"";"0";"";"";"";"";"";"";"";"";"";"";"";"";"NON";"";"";"";"";"";"";"";"";"";"";"";"";"";"";"0";"";"";"";"";"";"";"";"";"";"";"";"";"";"NON";"0";"0";"NON";"";"";"";"";"";"";"";"";"";"";"";"";"";"";"";"";"";"";"";"";"";"";"";"";"";"";"";"";"";"";"";"";"";"";"";"";"";"";"";"4.08-007";"1";"135000";"0";"0";"0";"0";"";"";""